step,layer,proj,A_l2,B_l2,A_max,B_max,A_nan,B_nan
1,0,q,0.000000e+00,7.285561e-02,0.000000e+00,6.970743e-03,0,0
1,0,k,0.000000e+00,6.223192e-02,0.000000e+00,1.213265e-02,0,0
1,0,v,0.000000e+00,4.314878e-01,0.000000e+00,5.438511e-02,0,0
1,0,o,0.000000e+00,4.232019e-01,0.000000e+00,2.206285e-02,0,0
1,1,q,0.000000e+00,3.973966e-03,0.000000e+00,5.636471e-04,0,0
1,1,k,0.000000e+00,4.629974e-03,0.000000e+00,5.400712e-04,0,0
1,1,v,0.000000e+00,2.365255e-01,0.000000e+00,8.081902e-02,0,0
1,1,o,0.000000e+00,7.578953e-02,0.000000e+00,1.820860e-02,0,0
1,2,q,0.000000e+00,2.517464e-02,0.000000e+00,5.003515e-03,0,0
1,2,k,0.000000e+00,2.109129e-02,0.000000e+00,6.059635e-03,0,0
1,2,v,0.000000e+00,2.161316e-01,0.000000e+00,2.789647e-02,0,0
1,2,o,0.000000e+00,1.308500e-01,0.000000e+00,7.576440e-03,0,0
1,3,q,0.000000e+00,3.183746e-02,0.000000e+00,3.788019e-03,0,0
1,3,k,0.000000e+00,4.065272e-02,0.000000e+00,1.169176e-02,0,0
1,3,v,0.000000e+00,2.337605e-01,0.000000e+00,1.550450e-02,0,0
1,3,o,0.000000e+00,1.455136e-01,0.000000e+00,6.416552e-03,0,0
1,4,q,0.000000e+00,4.600609e-02,0.000000e+00,3.151256e-03,0,0
1,4,k,0.000000e+00,3.900121e-02,0.000000e+00,8.817056e-03,0,0
1,4,v,0.000000e+00,2.163600e-01,0.000000e+00,1.485478e-02,0,0
1,4,o,0.000000e+00,1.916232e-01,0.000000e+00,9.093529e-03,0,0
1,5,q,0.000000e+00,1.117621e-01,0.000000e+00,1.267792e-02,0,0
1,5,k,0.000000e+00,9.309179e-02,0.000000e+00,2.764230e-02,0,0
1,5,v,0.000000e+00,1.804873e-01,0.000000e+00,1.335227e-02,0,0
1,5,o,0.000000e+00,1.680333e-01,0.000000e+00,1.323846e-02,0,0
1,6,q,0.000000e+00,1.430974e-01,0.000000e+00,4.089735e-02,0,0
1,6,k,0.000000e+00,1.271444e-01,0.000000e+00,4.478413e-02,0,0
1,6,v,0.000000e+00,2.608205e-01,0.000000e+00,3.329788e-02,0,0
1,6,o,0.000000e+00,9.276259e-02,0.000000e+00,4.807835e-03,0,0
1,7,q,0.000000e+00,8.433149e-02,0.000000e+00,1.157111e-02,0,0
1,7,k,0.000000e+00,1.080801e-01,0.000000e+00,2.655711e-02,0,0
1,7,v,0.000000e+00,1.984696e-01,0.000000e+00,1.530369e-02,0,0
1,7,o,0.000000e+00,9.497635e-02,0.000000e+00,5.791102e-03,0,0
1,8,q,0.000000e+00,1.568635e-01,0.000000e+00,5.144152e-02,0,0
1,8,k,0.000000e+00,1.422708e-01,0.000000e+00,3.588972e-02,0,0
1,8,v,0.000000e+00,2.321723e-01,0.000000e+00,2.632632e-02,0,0
1,8,o,0.000000e+00,9.112915e-02,0.000000e+00,3.480298e-03,0,0
1,9,q,0.000000e+00,1.165156e-01,0.000000e+00,3.343673e-02,0,0
1,9,k,0.000000e+00,9.988855e-02,0.000000e+00,1.829118e-02,0,0
1,9,v,0.000000e+00,1.434120e-01,0.000000e+00,1.147319e-02,0,0
1,9,o,0.000000e+00,1.038094e-01,0.000000e+00,4.451210e-03,0,0
1,10,q,0.000000e+00,1.450044e-01,0.000000e+00,3.841486e-02,0,0
1,10,k,0.000000e+00,7.778325e-02,0.000000e+00,1.706522e-02,0,0
1,10,v,0.000000e+00,1.282662e-01,0.000000e+00,1.248020e-02,0,0
1,10,o,0.000000e+00,7.517314e-02,0.000000e+00,2.139950e-03,0,0
1,11,q,0.000000e+00,1.074743e-01,0.000000e+00,2.483985e-02,0,0
1,11,k,0.000000e+00,6.929292e-02,0.000000e+00,2.035035e-02,0,0
1,11,v,0.000000e+00,1.817443e-01,0.000000e+00,2.024561e-02,0,0
1,11,o,0.000000e+00,8.398350e-02,0.000000e+00,3.107851e-03,0,0
1,12,q,0.000000e+00,8.049570e-02,0.000000e+00,1.852259e-02,0,0
1,12,k,0.000000e+00,1.271714e-01,0.000000e+00,6.427244e-02,0,0
1,12,v,0.000000e+00,1.245923e-01,0.000000e+00,9.392465e-03,0,0
1,12,o,0.000000e+00,9.837470e-02,0.000000e+00,3.384563e-03,0,0
1,13,q,0.000000e+00,7.153420e-02,0.000000e+00,1.135529e-02,0,0
1,13,k,0.000000e+00,5.641774e-02,0.000000e+00,1.872826e-02,0,0
1,13,v,0.000000e+00,8.747062e-02,0.000000e+00,4.800653e-03,0,0
1,13,o,0.000000e+00,6.174750e-02,0.000000e+00,2.152465e-03,0,0
1,14,q,0.000000e+00,5.898175e-02,0.000000e+00,1.151319e-02,0,0
1,14,k,0.000000e+00,4.223542e-02,0.000000e+00,1.440352e-02,0,0
1,14,v,0.000000e+00,5.993805e-02,0.000000e+00,4.410848e-03,0,0
1,14,o,0.000000e+00,7.776720e-02,0.000000e+00,2.747647e-03,0,0
1,15,q,0.000000e+00,5.647614e-02,0.000000e+00,9.374276e-03,0,0
1,15,k,0.000000e+00,4.170534e-02,0.000000e+00,9.761789e-03,0,0
1,15,v,0.000000e+00,6.343425e-02,0.000000e+00,4.519482e-03,0,0
1,15,o,0.000000e+00,6.997772e-02,0.000000e+00,2.661807e-03,0,0
1,16,q,0.000000e+00,3.939705e-02,0.000000e+00,6.418834e-03,0,0
1,16,k,0.000000e+00,3.865211e-02,0.000000e+00,1.031895e-02,0,0
1,16,v,0.000000e+00,9.150758e-02,0.000000e+00,7.286915e-03,0,0
1,16,o,0.000000e+00,6.257629e-02,0.000000e+00,2.280478e-03,0,0
1,17,q,0.000000e+00,5.272080e-02,0.000000e+00,6.115690e-03,0,0
1,17,k,0.000000e+00,4.886201e-02,0.000000e+00,1.136588e-02,0,0
1,17,v,0.000000e+00,8.085231e-02,0.000000e+00,6.760688e-03,0,0
1,17,o,0.000000e+00,4.466161e-02,0.000000e+00,1.702244e-03,0,0
1,18,q,0.000000e+00,3.379391e-02,0.000000e+00,4.593659e-03,0,0
1,18,k,0.000000e+00,2.766509e-02,0.000000e+00,5.681326e-03,0,0
1,18,v,0.000000e+00,5.374991e-02,0.000000e+00,5.752087e-03,0,0
1,18,o,0.000000e+00,7.138301e-02,0.000000e+00,3.242875e-03,0,0
1,19,q,0.000000e+00,7.961040e-02,0.000000e+00,2.791179e-02,0,0
1,19,k,0.000000e+00,4.319837e-02,0.000000e+00,8.478878e-03,0,0
1,19,v,0.000000e+00,6.807506e-02,0.000000e+00,6.269490e-03,0,0
1,19,o,0.000000e+00,6.455791e-02,0.000000e+00,2.496694e-03,0,0
1,20,q,0.000000e+00,5.031733e-02,0.000000e+00,1.110823e-02,0,0
1,20,k,0.000000e+00,3.545849e-02,0.000000e+00,5.024560e-03,0,0
1,20,v,0.000000e+00,6.559885e-02,0.000000e+00,4.967939e-03,0,0
1,20,o,0.000000e+00,5.168117e-02,0.000000e+00,2.151431e-03,0,0
1,21,q,0.000000e+00,5.695212e-02,0.000000e+00,1.002192e-02,0,0
1,21,k,0.000000e+00,3.122814e-02,0.000000e+00,5.982294e-03,0,0
1,21,v,0.000000e+00,8.757027e-02,0.000000e+00,8.333459e-03,0,0
1,21,o,0.000000e+00,1.149620e-01,0.000000e+00,6.549789e-03,0,0
1,22,q,0.000000e+00,3.428789e-02,0.000000e+00,6.634544e-03,0,0
1,22,k,0.000000e+00,3.118222e-02,0.000000e+00,8.198482e-03,0,0
1,22,v,0.000000e+00,7.172881e-02,0.000000e+00,5.097128e-03,0,0
1,22,o,0.000000e+00,6.626764e-02,0.000000e+00,2.968952e-03,0,0
1,23,q,0.000000e+00,4.713043e-02,0.000000e+00,9.133688e-03,0,0
1,23,k,0.000000e+00,3.425806e-02,0.000000e+00,6.561921e-03,0,0
1,23,v,0.000000e+00,7.993075e-02,0.000000e+00,8.474048e-03,0,0
1,23,o,0.000000e+00,4.181648e-02,0.000000e+00,2.084954e-03,0,0
1,24,q,0.000000e+00,3.195920e-02,0.000000e+00,7.956235e-03,0,0
1,24,k,0.000000e+00,2.293992e-02,0.000000e+00,4.527445e-03,0,0
1,24,v,0.000000e+00,6.015729e-02,0.000000e+00,6.619648e-03,0,0
1,24,o,0.000000e+00,5.113226e-02,0.000000e+00,3.931600e-03,0,0
1,25,q,0.000000e+00,2.563552e-02,0.000000e+00,3.963645e-03,0,0
1,25,k,0.000000e+00,1.907844e-02,0.000000e+00,3.869416e-03,0,0
1,25,v,0.000000e+00,7.364178e-02,0.000000e+00,5.852800e-03,0,0
1,25,o,0.000000e+00,3.705940e-02,0.000000e+00,2.455003e-03,0,0
1,26,q,0.000000e+00,4.450588e-02,0.000000e+00,6.302493e-03,0,0
1,26,k,0.000000e+00,3.321933e-02,0.000000e+00,6.230512e-03,0,0
1,26,v,0.000000e+00,9.324217e-02,0.000000e+00,7.868413e-03,0,0
1,26,o,0.000000e+00,5.660968e-02,0.000000e+00,2.776291e-03,0,0
1,27,q,0.000000e+00,4.263929e-02,0.000000e+00,6.225677e-03,0,0
1,27,k,0.000000e+00,4.148013e-02,0.000000e+00,5.279665e-03,0,0
1,27,v,0.000000e+00,9.483358e-02,0.000000e+00,6.593644e-03,0,0
1,27,o,0.000000e+00,7.132158e-02,0.000000e+00,3.948077e-03,0,0
1,28,q,0.000000e+00,4.027648e-02,0.000000e+00,6.571464e-03,0,0
1,28,k,0.000000e+00,3.633421e-02,0.000000e+00,5.998202e-03,0,0
1,28,v,0.000000e+00,9.390251e-02,0.000000e+00,9.275764e-03,0,0
1,28,o,0.000000e+00,5.256184e-02,0.000000e+00,2.864101e-03,0,0
1,29,q,0.000000e+00,4.836124e-02,0.000000e+00,7.562886e-03,0,0
1,29,k,0.000000e+00,2.843895e-02,0.000000e+00,4.176456e-03,0,0
1,29,v,0.000000e+00,1.061868e-01,0.000000e+00,9.463865e-03,0,0
1,29,o,0.000000e+00,3.928221e-02,0.000000e+00,1.586961e-03,0,0
1,30,q,0.000000e+00,4.308243e-02,0.000000e+00,5.753436e-03,0,0
1,30,k,0.000000e+00,3.044657e-02,0.000000e+00,9.649212e-03,0,0
1,30,v,0.000000e+00,1.178916e-01,0.000000e+00,8.889689e-03,0,0
1,30,o,0.000000e+00,5.528349e-02,0.000000e+00,2.825931e-03,0,0
1,31,q,0.000000e+00,3.521089e-02,0.000000e+00,7.816179e-03,0,0
1,31,k,0.000000e+00,2.917827e-02,0.000000e+00,5.838970e-03,0,0
1,31,v,0.000000e+00,9.405583e-02,0.000000e+00,7.573359e-03,0,0
1,31,o,0.000000e+00,6.526407e-02,0.000000e+00,3.323996e-03,0,0
1,32,q,0.000000e+00,3.415979e-02,0.000000e+00,4.074750e-03,0,0
1,32,k,0.000000e+00,3.243463e-02,0.000000e+00,6.435698e-03,0,0
1,32,v,0.000000e+00,8.365865e-02,0.000000e+00,5.064694e-03,0,0
1,32,o,0.000000e+00,5.540549e-02,0.000000e+00,3.570795e-03,0,0
1,33,q,0.000000e+00,3.782682e-02,0.000000e+00,5.807814e-03,0,0
1,33,k,0.000000e+00,4.683589e-02,0.000000e+00,1.128178e-02,0,0
1,33,v,0.000000e+00,9.043999e-02,0.000000e+00,6.641719e-03,0,0
1,33,o,0.000000e+00,4.519613e-02,0.000000e+00,1.767623e-03,0,0
1,34,q,0.000000e+00,4.236223e-02,0.000000e+00,7.055572e-03,0,0
1,34,k,0.000000e+00,3.871687e-02,0.000000e+00,6.121229e-03,0,0
1,34,v,0.000000e+00,1.077581e-01,0.000000e+00,1.181495e-02,0,0
1,34,o,0.000000e+00,6.903477e-02,0.000000e+00,5.102658e-03,0,0
1,35,q,0.000000e+00,6.340841e-02,0.000000e+00,9.475236e-03,0,0
1,35,k,0.000000e+00,6.478212e-02,0.000000e+00,1.284898e-02,0,0
1,35,v,0.000000e+00,1.433967e-01,0.000000e+00,1.348930e-02,0,0
1,35,o,0.000000e+00,6.467991e-02,0.000000e+00,4.976298e-03,0,0
1,36,q,0.000000e+00,4.827945e-02,0.000000e+00,5.279323e-03,0,0
1,36,k,0.000000e+00,3.625675e-02,0.000000e+00,6.562434e-03,0,0
1,36,v,0.000000e+00,1.034087e-01,0.000000e+00,9.795263e-03,0,0
1,36,o,0.000000e+00,6.343947e-02,0.000000e+00,4.826550e-03,0,0
1,37,q,0.000000e+00,4.757673e-02,0.000000e+00,7.304652e-03,0,0
1,37,k,0.000000e+00,6.643538e-02,0.000000e+00,1.298299e-02,0,0
1,37,v,0.000000e+00,1.321067e-01,0.000000e+00,9.042278e-03,0,0
1,37,o,0.000000e+00,8.207405e-02,0.000000e+00,7.315922e-03,0,0
1,38,q,0.000000e+00,9.140219e-02,0.000000e+00,2.205694e-02,0,0
1,38,k,0.000000e+00,8.314678e-02,0.000000e+00,2.372368e-02,0,0
1,38,v,0.000000e+00,8.303595e-02,0.000000e+00,5.544187e-03,0,0
1,38,o,0.000000e+00,5.963024e-02,0.000000e+00,4.521876e-03,0,0
1,39,q,0.000000e+00,3.998483e-02,0.000000e+00,5.129320e-03,0,0
1,39,k,0.000000e+00,3.076995e-02,0.000000e+00,5.123348e-03,0,0
1,39,v,0.000000e+00,6.436059e-02,0.000000e+00,6.145420e-03,0,0
1,39,o,0.000000e+00,6.413725e-02,0.000000e+00,6.007116e-03,0,0
1,40,q,0.000000e+00,5.222380e-02,0.000000e+00,8.073590e-03,0,0
1,40,k,0.000000e+00,4.837735e-02,0.000000e+00,9.507398e-03,0,0
1,40,v,0.000000e+00,6.523264e-02,0.000000e+00,3.824993e-03,0,0
1,40,o,0.000000e+00,6.217450e-02,0.000000e+00,5.033881e-03,0,0
1,41,q,0.000000e+00,3.806611e-02,0.000000e+00,6.085472e-03,0,0
1,41,k,0.000000e+00,2.787755e-02,0.000000e+00,6.020826e-03,0,0
1,41,v,0.000000e+00,8.031926e-02,0.000000e+00,5.347065e-03,0,0
1,41,o,0.000000e+00,4.149767e-02,0.000000e+00,2.820447e-03,0,0
1,42,q,0.000000e+00,4.888575e-02,0.000000e+00,5.855504e-03,0,0
1,42,k,0.000000e+00,6.375976e-02,0.000000e+00,1.763919e-02,0,0
1,42,v,0.000000e+00,7.342808e-02,0.000000e+00,6.717934e-03,0,0
1,42,o,0.000000e+00,4.890584e-02,0.000000e+00,3.971796e-03,0,0
1,43,q,0.000000e+00,6.348995e-02,0.000000e+00,7.603653e-03,0,0
1,43,k,0.000000e+00,6.690952e-02,0.000000e+00,1.392583e-02,0,0
1,43,v,0.000000e+00,6.584092e-02,0.000000e+00,4.126817e-03,0,0
1,43,o,0.000000e+00,5.479278e-02,0.000000e+00,4.065821e-03,0,0
1,44,q,0.000000e+00,5.705736e-02,0.000000e+00,7.228165e-03,0,0
1,44,k,0.000000e+00,4.225784e-02,0.000000e+00,7.524188e-03,0,0
1,44,v,0.000000e+00,9.938227e-02,0.000000e+00,1.101162e-02,0,0
1,44,o,0.000000e+00,8.345547e-02,0.000000e+00,9.953762e-03,0,0
1,45,q,0.000000e+00,1.093960e-01,0.000000e+00,2.096655e-02,0,0
1,45,k,0.000000e+00,6.634475e-02,0.000000e+00,1.151744e-02,0,0
1,45,v,0.000000e+00,1.088532e-01,0.000000e+00,1.109941e-02,0,0
1,45,o,0.000000e+00,6.905332e-02,0.000000e+00,8.256279e-03,0,0
1,46,q,0.000000e+00,7.349327e-02,0.000000e+00,1.390072e-02,0,0
1,46,k,0.000000e+00,7.354944e-02,0.000000e+00,1.723528e-02,0,0
1,46,v,0.000000e+00,8.913662e-02,0.000000e+00,8.972546e-03,0,0
1,46,o,0.000000e+00,7.111367e-02,0.000000e+00,9.417657e-03,0,0
1,47,q,0.000000e+00,6.477951e-02,0.000000e+00,6.060305e-03,0,0
1,47,k,0.000000e+00,1.067674e-01,0.000000e+00,2.527682e-02,0,0
1,47,v,0.000000e+00,1.816628e-01,0.000000e+00,3.361768e-02,0,0
1,47,o,0.000000e+00,1.600556e-01,0.000000e+00,8.016514e-03,0,0
2,0,q,1.561629e-02,1.000976e-01,3.866211e-04,2.499623e-02,0,0
2,0,k,7.742725e-03,6.307917e-02,5.911143e-04,8.569152e-03,0,0
2,0,v,4.628428e-02,3.548247e-01,7.106046e-03,2.154829e-02,0,0
2,0,o,1.606758e-01,3.799949e-01,1.748914e-02,2.419293e-02,0,0
2,1,q,5.733218e-04,3.544741e-03,1.690374e-04,5.183979e-04,0,0
2,1,k,6.534941e-04,4.025350e-03,1.062717e-04,3.957206e-04,0,0
2,1,v,1.952782e-02,1.313556e-01,5.707155e-03,2.325170e-02,0,0
2,1,o,2.210905e-02,5.969886e-02,1.607779e-03,3.623718e-03,0,0
2,2,q,2.416225e-03,2.116342e-02,3.716611e-04,4.166710e-03,0,0
2,2,k,1.574792e-03,1.559194e-02,2.343713e-04,3.663419e-03,0,0
2,2,v,2.759306e-02,1.401808e-01,5.481421e-03,1.139130e-02,0,0
2,2,o,3.809261e-02,1.168524e-01,2.107964e-03,8.893501e-03,0,0
2,3,q,1.195940e-02,3.681824e-02,1.685307e-03,5.238578e-03,0,0
2,3,k,8.202423e-03,7.961688e-02,1.086217e-03,2.625813e-02,0,0
2,3,v,4.753992e-02,2.160121e-01,8.389519e-03,1.375130e-02,0,0
2,3,o,5.598835e-02,1.348146e-01,3.037464e-03,5.226721e-03,0,0
2,4,q,1.232434e-02,4.024255e-02,1.615760e-03,2.865637e-03,0,0
2,4,k,5.619445e-03,3.413912e-02,5.628524e-04,8.528244e-03,0,0
2,4,v,3.856028e-02,1.955260e-01,4.447306e-03,1.346315e-02,0,0
2,4,o,6.955105e-02,1.741285e-01,2.783012e-03,9.688866e-03,0,0
2,5,q,1.920714e-02,1.027602e-01,2.385736e-03,2.212073e-02,0,0
2,5,k,9.445801e-03,7.955633e-02,1.332110e-03,1.962261e-02,0,0
2,5,v,3.689060e-02,1.715152e-01,8.627588e-03,1.560238e-02,0,0
2,5,o,5.279332e-02,1.525331e-01,2.760138e-03,1.038301e-02,0,0
2,6,q,2.450159e-02,1.129633e-01,3.456037e-03,2.939666e-02,0,0
2,6,k,1.148475e-02,9.631879e-02,1.553332e-03,2.342946e-02,0,0
2,6,v,3.604796e-02,2.449777e-01,7.129705e-03,2.729758e-02,0,0
2,6,o,5.514891e-02,9.184559e-02,3.795775e-03,5.576466e-03,0,0
2,7,q,2.179275e-02,8.762146e-02,2.502396e-03,1.406840e-02,0,0
2,7,k,8.109297e-03,1.053313e-01,9.104589e-04,2.439423e-02,0,0
2,7,v,3.758791e-02,1.929674e-01,5.950682e-03,1.436188e-02,0,0
2,7,o,4.588551e-02,8.456123e-02,2.054172e-03,5.848048e-03,0,0
2,8,q,2.131145e-02,1.060180e-01,2.226739e-03,2.001370e-02,0,0
2,8,k,1.238507e-02,1.187016e-01,1.060336e-03,3.369947e-02,0,0
2,8,v,3.332781e-02,1.923209e-01,4.440377e-03,1.804228e-02,0,0
2,8,o,4.557354e-02,8.734376e-02,4.626767e-03,3.794027e-03,0,0
2,9,q,1.447085e-02,5.868207e-02,1.571230e-03,6.506447e-03,0,0
2,9,k,6.281628e-03,6.848474e-02,5.268712e-04,2.490149e-02,0,0
2,9,v,2.654877e-02,1.210832e-01,5.411762e-03,1.068849e-02,0,0
2,9,o,4.399542e-02,9.833652e-02,3.035195e-03,3.699789e-03,0,0
2,10,q,2.156393e-02,1.621233e-01,1.919131e-03,6.562305e-02,0,0
2,10,k,8.598494e-03,7.949069e-02,7.947465e-04,2.681027e-02,0,0
2,10,v,2.360219e-02,1.078999e-01,6.211473e-03,1.122604e-02,0,0
2,10,o,3.999225e-02,6.925166e-02,2.331371e-03,2.497410e-03,0,0
2,11,q,2.365486e-02,9.718967e-02,2.726348e-03,1.901886e-02,0,0
2,11,k,9.414751e-03,7.615633e-02,1.117436e-03,3.022429e-02,0,0
2,11,v,2.527599e-02,1.699022e-01,3.743751e-03,1.959817e-02,0,0
2,11,o,4.270922e-02,7.855898e-02,4.395254e-03,2.324378e-03,0,0
2,12,q,2.471714e-02,8.629009e-02,2.856270e-03,2.317099e-02,0,0
2,12,k,1.027214e-02,1.013398e-01,1.542244e-03,3.736500e-02,0,0
2,12,v,2.291134e-02,1.166974e-01,4.315837e-03,8.155167e-03,0,0
2,12,o,4.900713e-02,9.397483e-02,4.225547e-03,4.709220e-03,0,0
2,13,q,1.519360e-02,6.292986e-02,1.773483e-03,1.322961e-02,0,0
2,13,k,5.975305e-03,4.315767e-02,7.333350e-04,1.211259e-02,0,0
2,13,v,1.747496e-02,8.792050e-02,4.777773e-03,5.383164e-03,0,0
2,13,o,3.501946e-02,5.763411e-02,2.455533e-03,2.103569e-03,0,0
2,14,q,1.222361e-02,5.059707e-02,1.649538e-03,1.406079e-02,0,0
2,14,k,6.013498e-03,3.724163e-02,9.505159e-04,8.284200e-03,0,0
2,14,v,1.409329e-02,6.073925e-02,3.215384e-03,4.568796e-03,0,0
2,14,o,3.286829e-02,7.264569e-02,1.723286e-03,3.043741e-03,0,0
2,15,q,1.525570e-02,5.315567e-02,1.786083e-03,7.724065e-03,0,0
2,15,k,5.663724e-03,3.609029e-02,7.494950e-04,4.846198e-03,0,0
2,15,v,1.351270e-02,6.700177e-02,3.421880e-03,5.048537e-03,0,0
2,15,o,3.318721e-02,6.577126e-02,1.489894e-03,2.746727e-03,0,0
2,16,q,1.237570e-02,3.718537e-02,1.432794e-03,5.358559e-03,0,0
2,16,k,5.928187e-03,3.850618e-02,8.722124e-04,8.294231e-03,0,0
2,16,v,1.786542e-02,9.102351e-02,2.663665e-03,8.802805e-03,0,0
2,16,o,3.448697e-02,6.079348e-02,1.955647e-03,2.494379e-03,0,0
2,17,q,1.529702e-02,4.702711e-02,2.167819e-03,6.235785e-03,0,0
2,17,k,7.037843e-03,5.675565e-02,1.189015e-03,1.945802e-02,0,0
2,17,v,1.244201e-02,8.587417e-02,3.754953e-03,1.149064e-02,0,0
2,17,o,2.295447e-02,4.545420e-02,2.010942e-03,1.879560e-03,0,0
2,18,q,1.082950e-02,4.530936e-02,1.471398e-03,1.028616e-02,0,0
2,18,k,3.641603e-03,3.493698e-02,4.670132e-04,7.682199e-03,0,0
2,18,v,1.369081e-02,7.772229e-02,3.373654e-03,8.982803e-03,0,0
2,18,o,3.031167e-02,7.060518e-02,2.850231e-03,3.331000e-03,0,0
2,19,q,1.505182e-02,8.704014e-02,1.674372e-03,3.499322e-02,0,0
2,19,k,4.511783e-03,6.531966e-02,6.099701e-04,1.690875e-02,0,0
2,19,v,1.582376e-02,7.314942e-02,3.567613e-03,6.643061e-03,0,0
2,19,o,3.992254e-02,6.251638e-02,4.277585e-03,2.445680e-03,0,0
2,20,q,1.601455e-02,4.489627e-02,2.279325e-03,9.655500e-03,0,0
2,20,k,5.641583e-03,3.199772e-02,7.595118e-04,4.447876e-03,0,0
2,20,v,1.390282e-02,6.110836e-02,3.002457e-03,4.589201e-03,0,0
2,20,o,3.452713e-02,4.976153e-02,3.566590e-03,2.003086e-03,0,0
2,21,q,1.901510e-02,5.098529e-02,2.960740e-03,8.102378e-03,0,0
2,21,k,6.109319e-03,2.754352e-02,8.696005e-04,4.763103e-03,0,0
2,21,v,1.803877e-02,8.543463e-02,3.369136e-03,9.108137e-03,0,0
2,21,o,5.023253e-02,1.103073e-01,4.315437e-03,6.142319e-03,0,0
2,22,q,1.414652e-02,3.226610e-02,2.495248e-03,5.720066e-03,0,0
2,22,k,4.895085e-03,2.880377e-02,6.478856e-04,5.925579e-03,0,0
2,22,v,1.718490e-02,6.965688e-02,4.198906e-03,4.836264e-03,0,0
2,22,o,3.503204e-02,6.464761e-02,2.418564e-03,2.800928e-03,0,0
2,23,q,1.886915e-02,4.556929e-02,2.732579e-03,8.959762e-03,0,0
2,23,k,6.206597e-03,3.373249e-02,8.176907e-04,6.085132e-03,0,0
2,23,v,1.749257e-02,7.672296e-02,5.040180e-03,8.723601e-03,0,0
2,23,o,2.802135e-02,4.075205e-02,3.205180e-03,1.929406e-03,0,0
2,24,q,1.153191e-02,3.149487e-02,1.860849e-03,7.392002e-03,0,0
2,24,k,4.591761e-03,2.163912e-02,5.602327e-04,4.311379e-03,0,0
2,24,v,1.509097e-02,5.864994e-02,4.228869e-03,5.932201e-03,0,0
2,24,o,3.121333e-02,5.013531e-02,4.471475e-03,3.646854e-03,0,0
2,25,q,1.128019e-02,2.412601e-02,1.897690e-03,4.883604e-03,0,0
2,25,k,4.038216e-03,1.784105e-02,5.631465e-04,3.493047e-03,0,0
2,25,v,1.687023e-02,7.239430e-02,4.927122e-03,6.136880e-03,0,0
2,25,o,2.735867e-02,3.687675e-02,3.459734e-03,2.377584e-03,0,0
2,26,q,2.035982e-02,4.221304e-02,3.154316e-03,6.120796e-03,0,0
2,26,k,8.417183e-03,3.193096e-02,1.623473e-03,6.373723e-03,0,0
2,26,v,2.264260e-02,9.268500e-02,7.601045e-03,7.136580e-03,0,0
2,26,o,5.077372e-02,5.646540e-02,4.154709e-03,2.681573e-03,0,0
2,27,q,2.204995e-02,3.909902e-02,3.450663e-03,5.491486e-03,0,0
2,27,k,1.133016e-02,4.033622e-02,2.690856e-03,5.465579e-03,0,0
2,27,v,3.007748e-02,9.378153e-02,1.126629e-02,6.654717e-03,0,0
2,27,o,4.802166e-02,7.046578e-02,4.869332e-03,3.768544e-03,0,0
2,28,q,1.501552e-02,3.876444e-02,2.378999e-03,6.002167e-03,0,0
2,28,k,6.573981e-03,3.427119e-02,1.612578e-03,5.146362e-03,0,0
2,28,v,3.461434e-02,9.176344e-02,1.349285e-02,9.876899e-03,0,0
2,28,o,3.673110e-02,5.189556e-02,4.143647e-03,2.724905e-03,0,0
2,29,q,1.486650e-02,4.700358e-02,2.795257e-03,7.395803e-03,0,0
2,29,k,5.706693e-03,2.686601e-02,1.204611e-03,3.899410e-03,0,0
2,29,v,3.870639e-02,1.035692e-01,1.468367e-02,8.985600e-03,0,0
2,29,o,2.901724e-02,3.834991e-02,2.910973e-03,1.547191e-03,0,0
2,30,q,1.425585e-02,4.144497e-02,2.349367e-03,4.551899e-03,0,0
2,30,k,5.581186e-03,2.960896e-02,1.235516e-03,8.831547e-03,0,0
2,30,v,3.167121e-02,1.168180e-01,1.166848e-02,8.497497e-03,0,0
2,30,o,3.917173e-02,5.456319e-02,4.281719e-03,2.858691e-03,0,0
2,31,q,1.492905e-02,3.572253e-02,2.851861e-03,8.894294e-03,0,0
2,31,k,6.160726e-03,2.815628e-02,1.417683e-03,5.159484e-03,0,0
2,31,v,2.995056e-02,9.314241e-02,9.978963e-03,7.767332e-03,0,0
2,31,o,3.566947e-02,6.381142e-02,2.804312e-03,3.064173e-03,0,0
2,32,q,1.284041e-02,3.435566e-02,2.207423e-03,4.326305e-03,0,0
2,32,k,5.327081e-03,3.203424e-02,7.670038e-04,5.848346e-03,0,0
2,32,v,3.171000e-02,8.395544e-02,9.695774e-03,5.022155e-03,0,0
2,32,o,3.090093e-02,5.531353e-02,2.290765e-03,3.471810e-03,0,0
2,33,q,1.342103e-02,3.856064e-02,2.048460e-03,5.367325e-03,0,0
2,33,k,7.086808e-03,4.629650e-02,9.017478e-04,1.083979e-02,0,0
2,33,v,2.477767e-02,8.909233e-02,8.170955e-03,6.286312e-03,0,0
2,33,o,2.896879e-02,4.510931e-02,2.476731e-03,1.797478e-03,0,0
2,34,q,1.570200e-02,4.231350e-02,2.419951e-03,6.847450e-03,0,0
2,34,k,7.684793e-03,3.981893e-02,9.005008e-04,5.931557e-03,0,0
2,34,v,3.626429e-02,1.064974e-01,8.804579e-03,1.060194e-02,0,0
2,34,o,3.336810e-02,6.858977e-02,3.063241e-03,4.808375e-03,0,0
2,35,q,2.213492e-02,6.277900e-02,3.429778e-03,9.436432e-03,0,0
2,35,k,9.984148e-03,6.359973e-02,1.458782e-03,1.114762e-02,0,0
2,35,v,3.099231e-02,1.452023e-01,7.868746e-03,1.468099e-02,0,0
2,35,o,4.014251e-02,6.578210e-02,2.389423e-03,4.848773e-03,0,0
2,36,q,1.475995e-02,4.895003e-02,1.807127e-03,5.698953e-03,0,0
2,36,k,6.875508e-03,3.581379e-02,7.478900e-04,6.937262e-03,0,0
2,36,v,3.023203e-02,1.049492e-01,8.241339e-03,1.026915e-02,0,0
2,36,o,3.984139e-02,6.227577e-02,2.475973e-03,4.506394e-03,0,0
2,37,q,1.668770e-02,4.604477e-02,2.117950e-03,4.986945e-03,0,0
2,37,k,9.429831e-03,6.721225e-02,1.029107e-03,1.336223e-02,0,0
2,37,v,2.759324e-02,1.311351e-01,6.461284e-03,9.113515e-03,0,0
2,37,o,4.248628e-02,7.957237e-02,3.182847e-03,7.023098e-03,0,0
2,38,q,2.057477e-02,8.954200e-02,2.460508e-03,2.028598e-02,0,0
2,38,k,1.153263e-02,8.173107e-02,1.383572e-03,2.324779e-02,0,0
2,38,v,2.366403e-02,8.214971e-02,6.164070e-03,5.181627e-03,0,0
2,38,o,3.197975e-02,5.793920e-02,2.077921e-03,4.183471e-03,0,0
2,39,q,1.218658e-02,3.989295e-02,1.436907e-03,4.642992e-03,0,0
2,39,k,6.430381e-03,3.098929e-02,7.080724e-04,5.906576e-03,0,0
2,39,v,2.068245e-02,6.430781e-02,5.605078e-03,5.349220e-03,0,0
2,39,o,3.525381e-02,6.440101e-02,2.345053e-03,5.837328e-03,0,0
2,40,q,1.315229e-02,5.171748e-02,1.437708e-03,8.260311e-03,0,0
2,40,k,7.521239e-03,4.926063e-02,6.869259e-04,1.121950e-02,0,0
2,40,v,2.825270e-02,6.495868e-02,7.160306e-03,3.703344e-03,0,0
2,40,o,3.153930e-02,6.114867e-02,3.482608e-03,4.762306e-03,0,0
2,41,q,8.782470e-03,3.770340e-02,8.462618e-04,6.105030e-03,0,0
2,41,k,5.111396e-03,2.679847e-02,5.938330e-04,5.544254e-03,0,0
2,41,v,2.502918e-02,7.957293e-02,5.911999e-03,5.253951e-03,0,0
2,41,o,2.178669e-02,4.109971e-02,1.988934e-03,2.871268e-03,0,0
2,42,q,1.444438e-02,4.732267e-02,1.509135e-03,5.898404e-03,0,0
2,42,k,7.650635e-03,6.084769e-02,1.010884e-03,1.804030e-02,0,0
2,42,v,2.217889e-02,7.343319e-02,6.526364e-03,6.815117e-03,0,0
2,42,o,2.923989e-02,4.854851e-02,2.174372e-03,3.682398e-03,0,0
2,43,q,1.746069e-02,7.590807e-02,1.693078e-03,1.035169e-02,0,0
2,43,k,9.661873e-03,7.584544e-02,9.221721e-04,1.233616e-02,0,0
2,43,v,2.469861e-02,6.468795e-02,6.961931e-03,3.966137e-03,0,0
2,43,o,4.096551e-02,5.483883e-02,2.656978e-03,4.031877e-03,0,0
2,44,q,1.876838e-02,5.861881e-02,2.089806e-03,7.247049e-03,0,0
2,44,k,9.752701e-03,4.461132e-02,1.479920e-03,9.230659e-03,0,0
2,44,v,2.645692e-02,9.824350e-02,7.967798e-03,1.079396e-02,0,0
2,44,o,3.970308e-02,8.401998e-02,3.311118e-03,9.937068e-03,0,0
2,45,q,2.273045e-02,1.311103e-01,2.531236e-03,3.053293e-02,0,0
2,45,k,1.288020e-02,8.522655e-02,1.828608e-03,1.608718e-02,0,0
2,45,v,3.314538e-02,1.148891e-01,9.394760e-03,1.099787e-02,0,0
2,45,o,4.337296e-02,6.857676e-02,3.375563e-03,7.931380e-03,0,0
2,46,q,2.227157e-02,7.628155e-02,2.513239e-03,1.394982e-02,0,0
2,46,k,1.549514e-02,7.339633e-02,2.551780e-03,1.674623e-02,0,0
2,46,v,2.791631e-02,8.858055e-02,9.361984e-03,7.908128e-03,0,0
2,46,o,4.491380e-02,7.037514e-02,4.123569e-03,9.297218e-03,0,0
2,47,q,2.100016e-02,6.326520e-02,2.219951e-03,6.009861e-03,0,0
2,47,k,2.149914e-02,1.016370e-01,7.948992e-03,2.411670e-02,0,0
2,47,v,6.366818e-02,1.778209e-01,2.176073e-02,3.298660e-02,0,0
2,47,o,9.298154e-02,1.592879e-01,5.449344e-03,7.784849e-03,0,0
3,0,q,2.251784e-02,6.254555e-02,5.257820e-04,4.505535e-03,0,0
3,0,k,1.260305e-02,6.404563e-02,9.244685e-04,1.279984e-02,0,0
3,0,v,7.341151e-02,3.729644e-01,1.271053e-02,2.205689e-02,0,0
3,0,o,2.395511e-01,3.815510e-01,2.719822e-02,2.148972e-02,0,0
3,1,q,8.168857e-04,3.179357e-03,2.610527e-04,5.444827e-04,0,0
3,1,k,1.143453e-03,4.490687e-03,1.834172e-04,4.735278e-04,0,0
3,1,v,2.964305e-02,1.165628e-01,8.458309e-03,1.353700e-02,0,0
3,1,o,3.382467e-02,6.342618e-02,2.566066e-03,3.872023e-03,0,0
3,2,q,4.102083e-03,1.606278e-02,4.737373e-04,1.700787e-03,0,0
3,2,k,2.144846e-03,1.661373e-02,2.911588e-04,2.212616e-03,0,0
3,2,v,4.216513e-02,1.475389e-01,7.986893e-03,1.867246e-02,0,0
3,2,o,5.755128e-02,1.217841e-01,3.081386e-03,7.402579e-03,0,0
3,3,q,1.572642e-02,3.991225e-02,2.081555e-03,9.368765e-03,0,0
3,3,k,1.064560e-02,6.687439e-02,1.385782e-03,2.078954e-02,0,0
3,3,v,7.242815e-02,2.051704e-01,1.284175e-02,1.538813e-02,0,0
3,3,o,8.316889e-02,1.451073e-01,4.477500e-03,6.956317e-03,0,0
3,4,q,1.812614e-02,3.785543e-02,2.688571e-03,3.524126e-03,0,0
3,4,k,9.211165e-03,3.524451e-02,1.008481e-03,6.726636e-03,0,0
3,4,v,6.131756e-02,2.011498e-01,6.914424e-03,1.247301e-02,0,0
3,4,o,9.837019e-02,1.807927e-01,4.127821e-03,9.597957e-03,0,0
3,5,q,2.990235e-02,1.007875e-01,3.942989e-03,1.115688e-02,0,0
3,5,k,1.521604e-02,8.771969e-02,2.280118e-03,2.173887e-02,0,0
3,5,v,5.111740e-02,1.619340e-01,1.349898e-02,1.265401e-02,0,0
3,5,o,7.700751e-02,1.444685e-01,4.432574e-03,7.518349e-03,0,0
3,6,q,3.924927e-02,1.208624e-01,5.896705e-03,2.637728e-02,0,0
3,6,k,2.119691e-02,1.337627e-01,3.122199e-03,3.515848e-02,0,0
3,6,v,5.920545e-02,2.493059e-01,1.117884e-02,3.027525e-02,0,0
3,6,o,8.582344e-02,1.026092e-01,5.918149e-03,6.898849e-03,0,0
3,7,q,3.830508e-02,1.110900e-01,4.169636e-03,1.647144e-02,0,0
3,7,k,1.402025e-02,1.278143e-01,1.673545e-03,3.501609e-02,0,0
3,7,v,5.090862e-02,1.840276e-01,9.434005e-03,1.602187e-02,0,0
3,7,o,6.732394e-02,9.259928e-02,3.003397e-03,5.036016e-03,0,0
3,8,q,3.103424e-02,9.719925e-02,3.366011e-03,1.822396e-02,0,0
3,8,k,1.846277e-02,9.767672e-02,1.893613e-03,2.185249e-02,0,0
3,8,v,5.206829e-02,1.922604e-01,7.087308e-03,1.634922e-02,0,0
3,8,o,6.944854e-02,8.883189e-02,7.070761e-03,3.231245e-03,0,0
3,9,q,2.249636e-02,6.280710e-02,2.602151e-03,7.759485e-03,0,0
3,9,k,1.043141e-02,6.629178e-02,8.824780e-04,1.731841e-02,0,0
3,9,v,3.913770e-02,1.184171e-01,7.896631e-03,9.613620e-03,0,0
3,9,o,6.555907e-02,9.341898e-02,4.546215e-03,2.776684e-03,0,0
3,10,q,3.439738e-02,1.192562e-01,3.158805e-03,2.575500e-02,0,0
3,10,k,1.199933e-02,6.433472e-02,1.063892e-03,1.690543e-02,0,0
3,10,v,3.607194e-02,1.086832e-01,9.537845e-03,8.268568e-03,0,0
3,10,o,6.119541e-02,7.367735e-02,3.617170e-03,2.212459e-03,0,0
3,11,q,3.609994e-02,9.200973e-02,4.186200e-03,2.252823e-02,0,0
3,11,k,1.446137e-02,7.807242e-02,1.593340e-03,3.822099e-02,0,0
3,11,v,3.803425e-02,1.525319e-01,5.556964e-03,1.687599e-02,0,0
3,11,o,6.215037e-02,7.907707e-02,6.582717e-03,2.389171e-03,0,0
3,12,q,3.453007e-02,7.201870e-02,4.334965e-03,1.339416e-02,0,0
3,12,k,1.438590e-02,7.632253e-02,2.047092e-03,2.138634e-02,0,0
3,12,v,3.372759e-02,1.109536e-01,6.777778e-03,6.908135e-03,0,0
3,12,o,7.231225e-02,9.245631e-02,5.876952e-03,2.466596e-03,0,0
3,13,q,2.412220e-02,6.880906e-02,2.879793e-03,2.228526e-02,0,0
3,13,k,9.527461e-03,4.511577e-02,1.162776e-03,9.177310e-03,0,0
3,13,v,2.751254e-02,8.236613e-02,7.385728e-03,5.284980e-03,0,0
3,13,o,5.232076e-02,6.163654e-02,3.675993e-03,2.219205e-03,0,0
3,14,q,1.958517e-02,4.411797e-02,2.325333e-03,7.602841e-03,0,0
3,14,k,9.725326e-03,3.907360e-02,1.669544e-03,1.169793e-02,0,0
3,14,v,2.137481e-02,5.801389e-02,5.255082e-03,4.121550e-03,0,0
3,14,o,4.910631e-02,7.203470e-02,2.781783e-03,2.765961e-03,0,0
3,15,q,2.133199e-02,5.043931e-02,2.432697e-03,6.796809e-03,0,0
3,15,k,9.686986e-03,4.244263e-02,1.304909e-03,8.687311e-03,0,0
3,15,v,2.107697e-02,6.541190e-02,5.444505e-03,4.357683e-03,0,0
3,15,o,5.168300e-02,7.127471e-02,2.415568e-03,2.613979e-03,0,0
3,16,q,1.825548e-02,3.544966e-02,2.348295e-03,3.865377e-03,0,0
3,16,k,9.398235e-03,4.091690e-02,1.322087e-03,1.029969e-02,0,0
3,16,v,2.864134e-02,8.856225e-02,4.363336e-03,6.998570e-03,0,0
3,16,o,5.534280e-02,6.838304e-02,2.939222e-03,2.300743e-03,0,0
3,17,q,2.632054e-02,5.322725e-02,3.663778e-03,6.904039e-03,0,0
3,17,k,1.020466e-02,4.346687e-02,1.843358e-03,1.126563e-02,0,0
3,17,v,2.005398e-02,7.759758e-02,5.995152e-03,9.633192e-03,0,0
3,17,o,3.911129e-02,5.122115e-02,3.398764e-03,2.114124e-03,0,0
3,18,q,1.639676e-02,4.524163e-02,2.648135e-03,9.838275e-03,0,0
3,18,k,5.723734e-03,3.207327e-02,8.888338e-04,5.290055e-03,0,0
3,18,v,2.279250e-02,5.530619e-02,5.873066e-03,4.282579e-03,0,0
3,18,o,5.028117e-02,7.244960e-02,4.686183e-03,3.466066e-03,0,0
3,19,q,1.996130e-02,4.444909e-02,2.058012e-03,6.002271e-03,0,0
3,19,k,7.905867e-03,2.840587e-02,1.447866e-03,4.547731e-03,0,0
3,19,v,2.628527e-02,6.328013e-02,6.036246e-03,5.171927e-03,0,0
3,19,o,6.780264e-02,7.447517e-02,7.335881e-03,2.450024e-03,0,0
3,20,q,2.352052e-02,4.467104e-02,3.422017e-03,9.006515e-03,0,0
3,20,k,9.056670e-03,3.627090e-02,1.166776e-03,5.419812e-03,0,0
3,20,v,2.390249e-02,6.552062e-02,5.315782e-03,4.586223e-03,0,0
3,20,o,5.873683e-02,6.006697e-02,5.922622e-03,2.424379e-03,0,0
3,21,q,2.939704e-02,5.333721e-02,4.585880e-03,7.213598e-03,0,0
3,21,k,1.004714e-02,3.214248e-02,1.438157e-03,5.390520e-03,0,0
3,21,v,3.066465e-02,9.058030e-02,5.888304e-03,1.008434e-02,0,0
3,21,o,8.769205e-02,1.239091e-01,7.478845e-03,6.356350e-03,0,0
3,22,q,2.313309e-02,3.722726e-02,4.208812e-03,6.356557e-03,0,0
3,22,k,8.534307e-03,3.504537e-02,1.137441e-03,9.069285e-03,0,0
3,22,v,2.990684e-02,7.600503e-02,7.426894e-03,5.519731e-03,0,0
3,22,o,6.122609e-02,7.906738e-02,4.261954e-03,3.128916e-03,0,0
3,23,q,3.093461e-02,5.275086e-02,4.548036e-03,8.556615e-03,0,0
3,23,k,1.060315e-02,3.713711e-02,1.379426e-03,6.383143e-03,0,0
3,23,v,3.053822e-02,7.970413e-02,8.857830e-03,8.895201e-03,0,0
3,23,o,4.900715e-02,5.313105e-02,5.634657e-03,2.217269e-03,0,0
3,24,q,1.987320e-02,3.505859e-02,3.246920e-03,7.213469e-03,0,0
3,24,k,7.704006e-03,2.331106e-02,9.759224e-04,4.454040e-03,0,0
3,24,v,2.612843e-02,6.030049e-02,7.411869e-03,5.305107e-03,0,0
3,24,o,5.459350e-02,5.965642e-02,7.967427e-03,3.746487e-03,0,0
3,25,q,2.100116e-02,3.141373e-02,3.521632e-03,4.911176e-03,0,0
3,25,k,7.141255e-03,2.074947e-02,9.974273e-04,3.771550e-03,0,0
3,25,v,3.082727e-02,7.399136e-02,9.069820e-03,5.209235e-03,0,0
3,25,o,4.931077e-02,4.420772e-02,6.236626e-03,2.528104e-03,0,0
3,26,q,3.130787e-02,4.674201e-02,4.778740e-03,6.327077e-03,0,0
3,26,k,1.348118e-02,3.344863e-02,2.655285e-03,6.087856e-03,0,0
3,26,v,4.004932e-02,9.222094e-02,1.336014e-02,6.553829e-03,0,0
3,26,o,9.226595e-02,7.254819e-02,7.395804e-03,3.169435e-03,0,0
3,27,q,3.539792e-02,4.662866e-02,5.404129e-03,6.241545e-03,0,0
3,27,k,1.880606e-02,4.557937e-02,4.448357e-03,7.238513e-03,0,0
3,27,v,5.421122e-02,1.002549e-01,2.039653e-02,7.134329e-03,0,0
3,27,o,8.701289e-02,8.917407e-02,8.950694e-03,4.163069e-03,0,0
3,28,q,2.508499e-02,4.349511e-02,4.114009e-03,5.999237e-03,0,0
3,28,k,1.083738e-02,3.637748e-02,2.691156e-03,5.187684e-03,0,0
3,28,v,5.906973e-02,9.218032e-02,2.334325e-02,9.692081e-03,0,0
3,28,o,6.909400e-02,6.799958e-02,7.653539e-03,3.117891e-03,0,0
3,29,q,2.544665e-02,5.004212e-02,4.851210e-03,6.943003e-03,0,0
3,29,k,1.025027e-02,3.313155e-02,2.169603e-03,4.937789e-03,0,0
3,29,v,7.076776e-02,1.076486e-01,2.673168e-02,8.694259e-03,0,0
3,29,o,5.499771e-02,5.375271e-02,5.507298e-03,2.054999e-03,0,0
3,30,q,2.389992e-02,4.316196e-02,3.946685e-03,4.865395e-03,0,0
3,30,k,9.314121e-03,3.162212e-02,2.022318e-03,7.848464e-03,0,0
3,30,v,5.931779e-02,1.229205e-01,2.185236e-02,9.087768e-03,0,0
3,30,o,7.420503e-02,7.236048e-02,8.054055e-03,3.384861e-03,0,0
3,31,q,2.723045e-02,4.524874e-02,5.130712e-03,1.090459e-02,0,0
3,31,k,1.146157e-02,3.447157e-02,2.644645e-03,8.389602e-03,0,0
3,31,v,5.543264e-02,1.081931e-01,1.865047e-02,8.566311e-03,0,0
3,31,o,6.611336e-02,8.274043e-02,5.291919e-03,3.417351e-03,0,0
3,32,q,2.329355e-02,4.132443e-02,3.938260e-03,4.100919e-03,0,0
3,32,k,9.735051e-03,3.753297e-02,1.386553e-03,6.396445e-03,0,0
3,32,v,6.003041e-02,9.596327e-02,1.849036e-02,5.850942e-03,0,0
3,32,o,5.961538e-02,7.135820e-02,4.313629e-03,3.663978e-03,0,0
3,33,q,2.503773e-02,4.328451e-02,3.754492e-03,5.406627e-03,0,0
3,33,k,1.222677e-02,5.246586e-02,1.610836e-03,1.104514e-02,0,0
3,33,v,4.832021e-02,1.033856e-01,1.587059e-02,7.594306e-03,0,0
3,33,o,5.605452e-02,6.296620e-02,4.714413e-03,2.409219e-03,0,0
3,34,q,2.977338e-02,5.196611e-02,4.492272e-03,7.812321e-03,0,0
3,34,k,1.466287e-02,4.906165e-02,1.756424e-03,9.100596e-03,0,0
3,34,v,6.895389e-02,1.212600e-01,1.678601e-02,1.202890e-02,0,0
3,34,o,6.456283e-02,8.733340e-02,5.806891e-03,5.123923e-03,0,0
3,35,q,4.256942e-02,7.746349e-02,6.545996e-03,1.197748e-02,0,0
3,35,k,1.933392e-02,7.412925e-02,2.752144e-03,1.127947e-02,0,0
3,35,v,5.886999e-02,1.574910e-01,1.470369e-02,1.440082e-02,0,0
3,35,o,7.812511e-02,8.800140e-02,4.828426e-03,5.685159e-03,0,0
3,36,q,2.814269e-02,5.767992e-02,3.413818e-03,6.615261e-03,0,0
3,36,k,1.315549e-02,4.578351e-02,1.419219e-03,8.083845e-03,0,0
3,36,v,5.786564e-02,1.176091e-01,1.565129e-02,8.858760e-03,0,0
3,36,o,7.708266e-02,8.132486e-02,4.722533e-03,4.970657e-03,0,0
3,37,q,3.277477e-02,5.735523e-02,4.055786e-03,6.282616e-03,0,0
3,37,k,1.855843e-02,8.241208e-02,2.016640e-03,1.573654e-02,0,0
3,37,v,5.349225e-02,1.405552e-01,1.256089e-02,9.342347e-03,0,0
3,37,o,8.131009e-02,9.780532e-02,6.057922e-03,7.549319e-03,0,0
3,38,q,3.957818e-02,1.048249e-01,4.643516e-03,2.308778e-02,0,0
3,38,k,2.179797e-02,9.476544e-02,2.624630e-03,2.444132e-02,0,0
3,38,v,4.553526e-02,9.503148e-02,1.170835e-02,6.501100e-03,0,0
3,38,o,6.093624e-02,7.171164e-02,4.003982e-03,4.787329e-03,0,0
3,39,q,2.318754e-02,4.734322e-02,2.774045e-03,4.722923e-03,0,0
3,39,k,1.296147e-02,4.407210e-02,1.416874e-03,1.143604e-02,0,0
3,39,v,4.002531e-02,8.107072e-02,1.070342e-02,6.484162e-03,0,0
3,39,o,6.953235e-02,8.353081e-02,4.553135e-03,6.450698e-03,0,0
3,40,q,2.649741e-02,6.600074e-02,2.865139e-03,1.035174e-02,0,0
3,40,k,1.547948e-02,6.543840e-02,1.346654e-03,1.327020e-02,0,0
3,40,v,5.458677e-02,7.517683e-02,1.373359e-02,4.430582e-03,0,0
3,40,o,6.100106e-02,7.470392e-02,6.540538e-03,5.214164e-03,0,0
3,41,q,1.774637e-02,4.840324e-02,1.749828e-03,7.197496e-03,0,0
3,41,k,1.024932e-02,3.640502e-02,1.197753e-03,7.800012e-03,0,0
3,41,v,4.814331e-02,8.620544e-02,1.139963e-02,5.298374e-03,0,0
3,41,o,4.220122e-02,5.187438e-02,3.790842e-03,3.435941e-03,0,0
3,42,q,2.920032e-02,6.079848e-02,3.048853e-03,7.023929e-03,0,0
3,42,k,1.486779e-02,6.940660e-02,1.945702e-03,1.847197e-02,0,0
3,42,v,4.289166e-02,8.181539e-02,1.255430e-02,7.553565e-03,0,0
3,42,o,5.697848e-02,6.324258e-02,4.193559e-03,4.303517e-03,0,0
3,43,q,2.874745e-02,7.551398e-02,2.715413e-03,1.044580e-02,0,0
3,43,k,1.812103e-02,8.368792e-02,1.449684e-03,1.877278e-02,0,0
3,43,v,4.839697e-02,7.529591e-02,1.346129e-02,6.100628e-03,0,0
3,43,o,8.078397e-02,7.584633e-02,5.169311e-03,5.097288e-03,0,0
3,44,q,3.564188e-02,7.275011e-02,3.901736e-03,9.123556e-03,0,0
3,44,k,1.893182e-02,5.733050e-02,2.765368e-03,1.091509e-02,0,0
3,44,v,5.187038e-02,1.097905e-01,1.558841e-02,1.199240e-02,0,0
3,44,o,7.873739e-02,1.050100e-01,6.467916e-03,1.064332e-02,0,0
3,45,q,4.353591e-02,1.204670e-01,4.917281e-03,2.297150e-02,0,0
3,45,k,2.477814e-02,9.908507e-02,3.469927e-03,1.920396e-02,0,0
3,45,v,6.285931e-02,1.280493e-01,1.776016e-02,1.279079e-02,0,0
3,45,o,8.596839e-02,9.140410e-02,6.674146e-03,9.558202e-03,0,0
3,46,q,4.426910e-02,9.031850e-02,4.926414e-03,1.972813e-02,0,0
3,46,k,3.100537e-02,9.343812e-02,5.122431e-03,1.895032e-02,0,0
3,46,v,5.460965e-02,1.026163e-01,1.833170e-02,9.844986e-03,0,0
3,46,o,8.819873e-02,9.747875e-02,8.210415e-03,1.240784e-02,0,0
3,47,q,4.065588e-02,7.818846e-02,4.352922e-03,7.501767e-03,0,0
3,47,k,4.092547e-02,1.143539e-01,1.530535e-02,2.489530e-02,0,0
3,47,v,1.241907e-01,1.932147e-01,4.257935e-02,3.343677e-02,0,0
3,47,o,1.856201e-01,2.034904e-01,1.087462e-02,1.284368e-02,0,0
4,0,q,3.888313e-02,9.333653e-02,9.220222e-04,9.553156e-03,0,0
4,0,k,2.323389e-02,1.017713e-01,1.651781e-03,2.152228e-02,0,0
4,0,v,1.506008e-01,5.227544e-01,3.091286e-02,6.004455e-02,0,0
4,0,o,4.144190e-01,5.186832e-01,4.909100e-02,1.941949e-02,0,0
4,1,q,1.372613e-03,3.011395e-03,4.014878e-04,4.240645e-04,0,0
4,1,k,1.994951e-03,4.970546e-03,2.972543e-04,4.940039e-04,0,0
4,1,v,6.018378e-02,2.101026e-01,1.317311e-02,7.583751e-02,0,0
4,1,o,5.803109e-02,9.473175e-02,4.082022e-03,1.804225e-02,0,0
4,2,q,5.934142e-03,1.232163e-02,1.349593e-03,1.585467e-03,0,0
4,2,k,3.947886e-03,1.402878e-02,7.550885e-04,4.260819e-03,0,0
4,2,v,7.607623e-02,2.242319e-01,1.413517e-02,2.899990e-02,0,0
4,2,o,9.392889e-02,1.574397e-01,5.046330e-03,1.044970e-02,0,0
4,3,q,2.490893e-02,3.764765e-02,3.435007e-03,4.059195e-03,0,0
4,3,k,9.015938e-03,2.766286e-02,9.935370e-04,3.528465e-03,0,0
4,3,v,1.174624e-01,2.595580e-01,2.035561e-02,1.429025e-02,0,0
4,3,o,1.361118e-01,2.002137e-01,7.182275e-03,8.364392e-03,0,0
4,4,q,3.092850e-02,5.231626e-02,4.342637e-03,3.608718e-03,0,0
4,4,k,1.517258e-02,5.108823e-02,1.697492e-03,1.034135e-02,0,0
4,4,v,9.716722e-02,2.616857e-01,1.094064e-02,1.385733e-02,0,0
4,4,o,1.637107e-01,2.510109e-01,6.605555e-03,1.029335e-02,0,0
4,5,q,5.620024e-02,1.283227e-01,7.842477e-03,1.818789e-02,0,0
4,5,k,3.056446e-02,1.308864e-01,4.704750e-03,2.578543e-02,0,0
4,5,v,8.300848e-02,2.190805e-01,1.957795e-02,1.561237e-02,0,0
4,5,o,1.277285e-01,1.918834e-01,6.657216e-03,1.359192e-02,0,0
4,6,q,6.151925e-02,1.358341e-01,8.468212e-03,2.687744e-02,0,0
4,6,k,3.089897e-02,1.523602e-01,4.409809e-03,3.383374e-02,0,0
4,6,v,9.014510e-02,2.950109e-01,1.600508e-02,2.946029e-02,0,0
4,6,o,1.370069e-01,1.523089e-01,9.901782e-03,5.648337e-03,0,0
4,7,q,5.510003e-02,1.152766e-01,5.585380e-03,1.317093e-02,0,0
4,7,k,2.049875e-02,1.146720e-01,2.402462e-03,3.051709e-02,0,0
4,7,v,8.067762e-02,2.455935e-01,1.413193e-02,1.593496e-02,0,0
4,7,o,1.069716e-01,1.307508e-01,5.069468e-03,5.227575e-03,0,0
4,8,q,5.596931e-02,1.345162e-01,8.733274e-03,1.997670e-02,0,0
4,8,k,3.686303e-02,1.736081e-01,4.236189e-03,6.303339e-02,0,0
4,8,v,8.268276e-02,2.505914e-01,1.108040e-02,2.362810e-02,0,0
4,8,o,1.168451e-01,1.359840e-01,1.175617e-02,4.548308e-03,0,0
4,9,q,4.015835e-02,8.787607e-02,5.239645e-03,1.053957e-02,0,0
4,9,k,1.766082e-02,8.907321e-02,1.613211e-03,1.882757e-02,0,0
4,9,v,6.577752e-02,1.819197e-01,1.359082e-02,1.605027e-02,0,0
4,9,o,1.114247e-01,1.433818e-01,7.230807e-03,4.454584e-03,0,0
4,10,q,6.554997e-02,2.301429e-01,5.745800e-03,6.196968e-02,0,0
4,10,k,2.632336e-02,1.384427e-01,2.675948e-03,3.353755e-02,0,0
4,10,v,5.967323e-02,1.754667e-01,1.567649e-02,1.466261e-02,0,0
4,10,o,9.821688e-02,1.122574e-01,5.976359e-03,3.203762e-03,0,0
4,11,q,6.105877e-02,1.319705e-01,6.756722e-03,2.483800e-02,0,0
4,11,k,2.599870e-02,1.107792e-01,2.859429e-03,3.083217e-02,0,0
4,11,v,6.172064e-02,2.146178e-01,9.395128e-03,1.997891e-02,0,0
4,11,o,1.029484e-01,1.224948e-01,1.020881e-02,3.825955e-03,0,0
4,12,q,5.820395e-02,1.021451e-01,7.717737e-03,2.154326e-02,0,0
4,12,k,2.557631e-02,1.174676e-01,3.974430e-03,3.819505e-02,0,0
4,12,v,5.396644e-02,1.575660e-01,1.089436e-02,8.546718e-03,0,0
4,12,o,1.141746e-01,1.388256e-01,9.033987e-03,4.376221e-03,0,0
4,13,q,4.094272e-02,1.031871e-01,4.587778e-03,2.336458e-02,0,0
4,13,k,1.658034e-02,6.875906e-02,2.122615e-03,1.349125e-02,0,0
4,13,v,4.226918e-02,1.257104e-01,1.122499e-02,9.694230e-03,0,0
4,13,o,8.297934e-02,9.488249e-02,5.963852e-03,3.923834e-03,0,0
4,14,q,2.722831e-02,6.067495e-02,4.362098e-03,1.106578e-02,0,0
4,14,k,1.319000e-02,5.077503e-02,2.517415e-03,1.584696e-02,0,0
4,14,v,3.406575e-02,9.029070e-02,8.613897e-03,5.626461e-03,0,0
4,14,o,7.892985e-02,1.092290e-01,4.268524e-03,4.770471e-03,0,0
4,15,q,3.891081e-02,9.255640e-02,4.317692e-03,1.732102e-02,0,0
4,15,k,1.526462e-02,6.460754e-02,1.998433e-03,1.416442e-02,0,0
4,15,v,3.278352e-02,1.010367e-01,8.878410e-03,6.524851e-03,0,0
4,15,o,8.148703e-02,1.145735e-01,3.869655e-03,5.454161e-03,0,0
4,16,q,3.404230e-02,6.465469e-02,4.536313e-03,8.269754e-03,0,0
4,16,k,1.556539e-02,6.160759e-02,2.457274e-03,1.618130e-02,0,0
4,16,v,4.364283e-02,1.358550e-01,6.457573e-03,1.171976e-02,0,0
4,16,o,8.664982e-02,1.115846e-01,4.545564e-03,4.194955e-03,0,0
4,17,q,4.598363e-02,1.139570e-01,6.431882e-03,4.805379e-02,0,0
4,17,k,1.839625e-02,1.438415e-01,3.475433e-03,6.811982e-02,0,0
4,17,v,3.206375e-02,1.268015e-01,9.786906e-03,1.989613e-02,0,0
4,17,o,5.993060e-02,8.141687e-02,5.192775e-03,3.451046e-03,0,0
4,18,q,3.122453e-02,7.525835e-02,4.700497e-03,1.098456e-02,0,0
4,18,k,1.072060e-02,5.636792e-02,1.874418e-03,1.159329e-02,0,0
4,18,v,3.620969e-02,1.112567e-01,9.945257e-03,1.175378e-02,0,0
4,18,o,7.848834e-02,1.140155e-01,7.004344e-03,5.244160e-03,0,0
4,19,q,4.871667e-02,2.708648e-01,5.809916e-03,7.608304e-02,0,0
4,19,k,1.366332e-02,1.028461e-01,2.392805e-03,2.318043e-02,0,0
4,19,v,4.133775e-02,1.579945e-01,9.101301e-03,2.524174e-02,0,0
4,19,o,1.028970e-01,1.042699e-01,1.123339e-02,3.503708e-03,0,0
4,20,q,3.934788e-02,7.280614e-02,5.838976e-03,1.232923e-02,0,0
4,20,k,1.692998e-02,5.877237e-02,2.290615e-03,6.563352e-03,0,0
4,20,v,3.657988e-02,8.830698e-02,7.732842e-03,5.860578e-03,0,0
4,20,o,8.918991e-02,8.639039e-02,9.135112e-03,3.279960e-03,0,0
4,21,q,5.126996e-02,7.868767e-02,7.551360e-03,1.155802e-02,0,0
4,21,k,1.631434e-02,4.549689e-02,2.645816e-03,7.222993e-03,0,0
4,21,v,4.690309e-02,1.209910e-01,8.994267e-03,1.464566e-02,0,0
4,21,o,1.329963e-01,1.683021e-01,1.129352e-02,8.597932e-03,0,0
4,22,q,3.574177e-02,5.189846e-02,6.310084e-03,6.666503e-03,0,0
4,22,k,1.362512e-02,5.079682e-02,1.759205e-03,1.316304e-02,0,0
4,22,v,4.394087e-02,9.869141e-02,1.085936e-02,6.715436e-03,0,0
4,22,o,9.050412e-02,1.096847e-01,6.281951e-03,5.028514e-03,0,0
4,23,q,4.311961e-02,7.229707e-02,6.383054e-03,1.021152e-02,0,0
4,23,k,1.487742e-02,4.705423e-02,1.926502e-03,7.140618e-03,0,0
4,23,v,4.418946e-02,9.992590e-02,1.261111e-02,9.639881e-03,0,0
4,23,o,7.423162e-02,7.815077e-02,8.601943e-03,2.508961e-03,0,0
4,24,q,2.979288e-02,4.666233e-02,5.014028e-03,8.963412e-03,0,0
4,24,k,1.205001e-02,3.336974e-02,1.501919e-03,6.247141e-03,0,0
4,24,v,4.051573e-02,7.535107e-02,1.163461e-02,4.857273e-03,0,0
4,24,o,8.384182e-02,8.208805e-02,1.200163e-02,3.546809e-03,0,0
4,25,q,3.104221e-02,4.207188e-02,5.008226e-03,6.067319e-03,0,0
4,25,k,1.088115e-02,2.601874e-02,1.514094e-03,4.636644e-03,0,0
4,25,v,4.547442e-02,8.816750e-02,1.329963e-02,6.544415e-03,0,0
4,25,o,7.506485e-02,5.987972e-02,9.354729e-03,2.418633e-03,0,0
4,26,q,4.594391e-02,6.108801e-02,7.210476e-03,8.783878e-03,0,0
4,26,k,1.968065e-02,4.377705e-02,3.871419e-03,8.308812e-03,0,0
4,26,v,5.916948e-02,1.125119e-01,1.982354e-02,8.667929e-03,0,0
4,26,o,1.399588e-01,1.055724e-01,1.111888e-02,3.257149e-03,0,0
4,27,q,5.159865e-02,6.416239e-02,7.544505e-03,7.109106e-03,0,0
4,27,k,2.673526e-02,6.101704e-02,6.085882e-03,1.147410e-02,0,0
4,27,v,8.177938e-02,1.312332e-01,3.116895e-02,8.811133e-03,0,0
4,27,o,1.304912e-01,1.248759e-01,1.349662e-02,3.810823e-03,0,0
4,28,q,4.019936e-02,6.283785e-02,5.954670e-03,8.180275e-03,0,0
4,28,k,1.631252e-02,5.412558e-02,3.681919e-03,1.064243e-02,0,0
4,28,v,8.618545e-02,1.122604e-01,3.384764e-02,1.120360e-02,0,0
4,28,o,1.025675e-01,9.528336e-02,1.099343e-02,3.660158e-03,0,0
4,29,q,4.092502e-02,6.958415e-02,7.810324e-03,1.139596e-02,0,0
4,29,k,1.716735e-02,4.531974e-02,3.707349e-03,6.534578e-03,0,0
4,29,v,1.032037e-01,1.277008e-01,3.891843e-02,7.779861e-03,0,0
4,29,o,8.196253e-02,7.781815e-02,8.098386e-03,2.870943e-03,0,0
4,30,q,3.729902e-02,5.856324e-02,6.182518e-03,6.632826e-03,0,0
4,30,k,1.485863e-02,4.396248e-02,3.233749e-03,1.225579e-02,0,0
4,30,v,8.473120e-02,1.406913e-01,3.106280e-02,9.096659e-03,0,0
4,30,o,1.093662e-01,1.005449e-01,1.183391e-02,3.545568e-03,0,0
4,31,q,4.408577e-02,6.996720e-02,7.687007e-03,1.964690e-02,0,0
4,31,k,2.067688e-02,6.013983e-02,4.954729e-03,1.557649e-02,0,0
4,31,v,7.872842e-02,1.351570e-01,2.632231e-02,1.132717e-02,0,0
4,31,o,9.330224e-02,1.102733e-01,7.605184e-03,3.390179e-03,0,0
4,32,q,3.437110e-02,5.543860e-02,5.681165e-03,6.097470e-03,0,0
4,32,k,1.575294e-02,5.511242e-02,2.350704e-03,1.324980e-02,0,0
4,32,v,8.674158e-02,1.169105e-01,2.633980e-02,7.457923e-03,0,0
4,32,o,8.669392e-02,9.383628e-02,6.164199e-03,3.468199e-03,0,0
4,33,q,3.259008e-02,5.110158e-02,4.752185e-03,5.444261e-03,0,0
4,33,k,1.610733e-02,6.521415e-02,2.038299e-03,1.408238e-02,0,0
4,33,v,6.856805e-02,1.239953e-01,2.241540e-02,9.824789e-03,0,0
4,33,o,8.232461e-02,8.707387e-02,6.802889e-03,3.060302e-03,0,0
4,34,q,4.681441e-02,7.039111e-02,7.183274e-03,9.650188e-03,0,0
4,34,k,2.349181e-02,6.696670e-02,2.845412e-03,8.303576e-03,0,0
4,34,v,1.002848e-01,1.488412e-01,2.435305e-02,1.287522e-02,0,0
4,34,o,9.493750e-02,1.149776e-01,8.274065e-03,4.632138e-03,0,0
4,35,q,5.929710e-02,9.706855e-02,8.803701e-03,1.508080e-02,0,0
4,35,k,2.967113e-02,9.492461e-02,4.320721e-03,1.570833e-02,0,0
4,35,v,8.476759e-02,1.872445e-01,2.075667e-02,1.484045e-02,0,0
4,35,o,1.171545e-01,1.221434e-01,7.491789e-03,6.320887e-03,0,0
4,36,q,3.877275e-02,7.013758e-02,4.405870e-03,7.319554e-03,0,0
4,36,k,1.990685e-02,6.183925e-02,1.866466e-03,9.751502e-03,0,0
4,36,v,8.553241e-02,1.436246e-01,2.322837e-02,1.117332e-02,0,0
4,36,o,1.137302e-01,1.098041e-01,6.887587e-03,4.800794e-03,0,0
4,37,q,4.655667e-02,7.049343e-02,5.390363e-03,5.680100e-03,0,0
4,37,k,2.825039e-02,1.103504e-01,3.016799e-03,1.972192e-02,0,0
4,37,v,7.908363e-02,1.595492e-01,1.870375e-02,1.137659e-02,0,0
4,37,o,1.185814e-01,1.271718e-01,8.627806e-03,7.499360e-03,0,0
4,38,q,5.966930e-02,1.361424e-01,6.630624e-03,3.875504e-02,0,0
4,38,k,3.255415e-02,1.187928e-01,3.961900e-03,3.250573e-02,0,0
4,38,v,6.724879e-02,1.182109e-01,1.731971e-02,8.200210e-03,0,0
4,38,o,8.845768e-02,9.376231e-02,5.852373e-03,5.091401e-03,0,0
4,39,q,3.328993e-02,5.919332e-02,4.068634e-03,6.475602e-03,0,0
4,39,k,1.974046e-02,6.254544e-02,2.137638e-03,1.460289e-02,0,0
4,39,v,5.875540e-02,1.072257e-01,1.539354e-02,9.319100e-03,0,0
4,39,o,1.038093e-01,1.104272e-01,6.686150e-03,6.813666e-03,0,0
4,40,q,3.686061e-02,7.927446e-02,3.854606e-03,1.280203e-02,0,0
4,40,k,2.091983e-02,6.788768e-02,1.977525e-03,1.042760e-02,0,0
4,40,v,8.105965e-02,9.422485e-02,2.046126e-02,5.900719e-03,0,0
4,40,o,8.985628e-02,9.788040e-02,9.224370e-03,5.389898e-03,0,0
4,41,q,2.755883e-02,6.327480e-02,2.817528e-03,1.021806e-02,0,0
4,41,k,1.627639e-02,5.375888e-02,1.890988e-03,1.406021e-02,0,0
4,41,v,7.058769e-02,1.012334e-01,1.681023e-02,5.872559e-03,0,0
4,41,o,6.275681e-02,6.776129e-02,5.751074e-03,3.930200e-03,0,0
4,42,q,4.087376e-02,7.671216e-02,3.906792e-03,7.659674e-03,0,0
4,42,k,1.954908e-02,9.626097e-02,2.562341e-03,2.349282e-02,0,0
4,42,v,6.343050e-02,9.547164e-02,1.871444e-02,8.922277e-03,0,0
4,42,o,8.496379e-02,8.622437e-02,6.165056e-03,4.728986e-03,0,0
4,43,q,4.632457e-02,9.288291e-02,4.541632e-03,1.035870e-02,0,0
4,43,k,2.847204e-02,1.005315e-01,2.343031e-03,1.720282e-02,0,0
4,43,v,7.013791e-02,8.741115e-02,1.962125e-02,5.460610e-03,0,0
4,43,o,1.211392e-01,1.053226e-01,7.705424e-03,6.257579e-03,0,0
4,44,q,5.478323e-02,9.213956e-02,5.795042e-03,1.008601e-02,0,0
4,44,k,2.979954e-02,8.272837e-02,4.605500e-03,1.519326e-02,0,0
4,44,v,7.788798e-02,1.366417e-01,2.312100e-02,1.351683e-02,0,0
4,44,o,1.211823e-01,1.395426e-01,9.666319e-03,1.191218e-02,0,0
4,45,q,7.193259e-02,6.507146e-01,8.496480e-03,3.001858e-01,0,0
4,45,k,3.665487e-02,2.551320e-01,4.871471e-03,1.230492e-01,0,0
4,45,v,9.349167e-02,1.666849e-01,2.616144e-02,2.213732e-02,0,0
4,45,o,1.279830e-01,1.192974e-01,9.927365e-03,1.104396e-02,0,0
4,46,q,6.534552e-02,1.052860e-01,7.193273e-03,1.652608e-02,0,0
4,46,k,4.680842e-02,1.185213e-01,7.812732e-03,2.130098e-02,0,0
4,46,v,8.073704e-02,1.198173e-01,2.708416e-02,1.156389e-02,0,0
4,46,o,1.308510e-01,1.294769e-01,1.227831e-02,1.529803e-02,0,0
4,47,q,5.766072e-02,9.186212e-02,6.195248e-03,9.169057e-03,0,0
4,47,k,5.857944e-02,1.241026e-01,2.210451e-02,2.597634e-02,0,0
4,47,v,1.792045e-01,2.066504e-01,6.155762e-02,3.391257e-02,0,0
4,47,o,2.800884e-01,2.548985e-01,1.628316e-02,1.797517e-02,0,0
